benchmark,tempo_median_time_ms,rml_median_time_ms,tempo_over_rml_time,ratio_rml_over_tempo,tempo_iqr_time_ms,rml_iqr_time_ms
propagation_chains,2.327500,1.300931,1.789103,0.558939,0.118500,0.082374
broadcast_expansion,1.423000,0.518560,2.744135,0.364413,0.128500,0.045836
fork_explosion,2.748500,0.935435,2.938204,0.340344,0.192000,0.046730
guarded_cascades,3.229000,0.798583,4.043412,0.247316,0.287250,0.058293
nested_preemption,4.174000,0.707984,5.895614,0.169618,0.443500,0.049412
