benchmark,tempo_median_time_ms,rml_median_time_ms,tempo_over_rml_time,ratio_rml_over_tempo,tempo_iqr_time_ms,rml_iqr_time_ms
propagation_chains,2.192000,2.884507,0.759922,1.315925,0.134000,0.245392
broadcast_expansion,1.384500,1.374483,1.007288,0.992765,0.044250,0.147164
fork_explosion,2.532000,1.826048,1.386601,0.721188,0.054000,0.154793
guarded_cascades,3.086500,2.600670,1.186810,0.842595,0.259000,0.259459
nested_preemption,2.494500,1.809001,1.378938,0.725196,0.098000,0.111580
