benchmark,tempo_iqr_ms,rml_iqr_ms,ratio_rml_over_tempo,ratio_ci95_low,ratio_ci95_high
propagation_chains,0.118500,0.082374,0.558939,0.526087,0.582812
broadcast_expansion,0.128500,0.045836,0.364413,0.337813,0.394820
fork_explosion,0.192000,0.046730,0.340344,0.316975,0.350650
guarded_cascades,0.287250,0.058293,0.247316,0.231043,0.265294
nested_preemption,0.443500,0.049412,0.169618,0.157621,0.183033
